{"cameraMode":{"drawMode":0,"name":"Shaded","section":"Shading Mode"},"sceneLighting":true,"audioPlay":false,"sceneViewState":{"showFog":false,"showMaterialUpdate":false,"showSkybox":false,"showFlares":false,"showImageEffects":false,"showParticleSystems":false},"in2DMode":false,"pivot":{"x":-2.4824047088623049,"y":0.8932955861091614,"z":-3.4323811531066896},"rotation":{"x":0.10561832040548325,"y":0.4736626148223877,"z":-0.05712852254509926,"w":0.8730268478393555},"size":3.348459005355835,"orthographic":false}