{"cameraMode":{"drawMode":0,"name":"Shaded","section":"Shading Mode"},"sceneLighting":true,"audioPlay":false,"sceneViewState":{"showFog":false,"showMaterialUpdate":false,"showSkybox":false,"showFlares":false,"showImageEffects":false,"showParticleSystems":false},"in2DMode":false,"pivot":{"x":-3.9399921894073488,"y":3.143540382385254,"z":-3.3939051628112795},"rotation":{"x":0.22445176541805268,"y":0.48731642961502077,"z":-0.13108131289482118,"w":0.8342330455780029},"size":3.348459005355835,"orthographic":false}